MyUnknownColumn,Loan_ID,Gender,Married,Dependents,Education,Self_Employed,ApplicantIncome,CoapplicantIncome,LoanAmount,Loan_Amount_Term,Credit_History,Property_Area,Loan_Status
0,LP002305,Female,No,0,Graduate,No,4547,0.0,115.0,360.0,1.0,Semiurban,1
1,LP001715,Male,Yes,3+,Not Graduate,Yes,5703,0.0,130.0,360.0,1.0,Rural,1
2,LP002086,Female,Yes,0,Graduate,No,4333,2451.0,110.0,360.0,1.0,Urban,0
3,LP001136,Male,Yes,0,Not Graduate,Yes,4695,0.0,96.0,,1.0,Urban,1
4,LP002529,Male,Yes,2,Graduate,No,6700,1750.0,230.0,300.0,1.0,Semiurban,1
5,LP001603,Male,Yes,0,Not Graduate,Yes,4344,736.0,87.0,360.0,1.0,Semiurban,0
7,LP002706,Male,Yes,1,Not Graduate,No,5285,1430.0,161.0,360.0,0.0,Semiurban,1
8,LP001859,Male,Yes,0,Graduate,No,14683,2100.0,304.0,360.0,1.0,Rural,0
9,LP001228,Male,No,0,Not Graduate,No,3200,2254.0,126.0,180.0,0.0,Urban,0
10,LP001608,Male,Yes,2,Graduate,No,2045,1619.0,101.0,360.0,1.0,Rural,1
11,LP002130,Male,Yes,,Not Graduate,No,3523,3230.0,152.0,360.0,0.0,Rural,0
12,LP001112,Female,Yes,0,Graduate,No,3667,1459.0,144.0,360.0,1.0,Semiurban,1
13,LP001508,Male,Yes,2,Graduate,No,11757,0.0,187.0,180.0,1.0,Urban,1
14,LP001011,Male,Yes,2,Graduate,Yes,5417,4196.0,267.0,360.0,1.0,Urban,1
15,LP002379,Male,No,0,Graduate,No,6500,0.0,105.0,360.0,0.0,Rural,0
16,LP002868,Male,Yes,2,Graduate,No,3159,461.0,108.0,84.0,1.0,Urban,1
17,LP001318,Male,Yes,2,Graduate,No,6250,5654.0,188.0,180.0,1.0,Semiurban,1
18,LP001020,Male,Yes,1,Graduate,No,12841,10968.0,349.0,360.0,1.0,Semiurban,0
19,LP002364,Male,Yes,0,Graduate,No,14880,0.0,96.0,360.0,1.0,Semiurban,1
20,LP002387,Male,Yes,0,Graduate,No,2425,2340.0,143.0,360.0,1.0,Semiurban,1
21,LP002151,Male,Yes,1,Graduate,No,3875,0.0,67.0,360.0,1.0,Urban,0
22,LP001894,Male,Yes,0,Graduate,No,2620,2223.0,150.0,360.0,1.0,Semiurban,1
23,LP001849,Male,No,0,Not Graduate,No,6045,0.0,115.0,360.0,0.0,Rural,0
24,LP001636,Male,Yes,0,Graduate,No,4600,0.0,73.0,180.0,1.0,Semiurban,1
25,LP001776,Female,No,0,Graduate,No,8333,0.0,280.0,360.0,1.0,Semiurban,1
26,LP001250,Male,Yes,3+,Not Graduate,No,4755,0.0,95.0,,0.0,Semiurban,0
27,LP001164,Female,No,0,Graduate,No,4230,0.0,112.0,360.0,1.0,Semiurban,0
28,LP002239,Male,No,0,Not Graduate,No,2346,1600.0,132.0,360.0,1.0,Semiurban,1
30,LP002961,Male,Yes,1,Graduate,No,3400,2500.0,173.0,360.0,1.0,Semiurban,1
31,LP001421,Male,Yes,0,Graduate,No,5568,2142.0,175.0,360.0,1.0,Rural,0
32,LP001824,Male,Yes,1,Graduate,No,2882,1843.0,123.0,480.0,1.0,Semiurban,1
33,LP002493,Male,No,0,Graduate,No,4166,0.0,98.0,360.0,0.0,Semiurban,0
34,LP002357,Female,No,0,Not Graduate,No,2720,0.0,80.0,,0.0,Urban,0
35,LP002877,Male,Yes,1,Graduate,No,1782,2232.0,107.0,360.0,1.0,Rural,1
36,LP001186,Female,Yes,1,Graduate,Yes,11500,0.0,286.0,360.0,0.0,Urban,0
37,LP001275,Male,Yes,1,Graduate,No,3988,0.0,50.0,240.0,1.0,Urban,1
39,LP002201,Male,Yes,2,Graduate,Yes,9323,7873.0,380.0,300.0,1.0,Rural,1
40,LP001903,Male,Yes,0,Graduate,No,3993,3274.0,207.0,360.0,1.0,Semiurban,1
41,LP001760,Male,,,Graduate,No,4758,0.0,158.0,480.0,1.0,Semiurban,1
42,LP001931,Female,No,0,Graduate,No,4124,0.0,115.0,360.0,1.0,Semiurban,1
43,LP002602,Male,No,0,Graduate,No,6283,4416.0,209.0,360.0,0.0,Rural,0
44,LP001391,Male,Yes,0,Not Graduate,No,3572,4114.0,152.0,,0.0,Rural,0
45,LP002953,Male,Yes,3+,Graduate,No,5703,0.0,128.0,360.0,1.0,Urban,1
46,LP001233,Male,Yes,1,Graduate,No,10750,0.0,312.0,360.0,1.0,Urban,1
47,LP001977,Male,Yes,1,Graduate,No,1625,1803.0,96.0,360.0,1.0,Urban,1
48,LP001993,Female,No,0,Graduate,No,3762,1666.0,135.0,360.0,1.0,Rural,1
49,LP001758,Male,Yes,2,Graduate,No,6250,1695.0,210.0,360.0,1.0,Semiurban,1
50,LP001751,Male,Yes,0,Graduate,No,3250,0.0,170.0,360.0,1.0,Rural,0
51,LP001871,Female,No,0,Graduate,No,7200,0.0,120.0,360.0,1.0,Rural,1
52,LP001798,Male,Yes,2,Graduate,No,5819,5000.0,120.0,360.0,1.0,Rural,1
53,LP001574,Male,Yes,0,Graduate,No,3707,3166.0,182.0,,1.0,Rural,1
54,LP002723,Male,No,2,Graduate,No,3588,0.0,110.0,360.0,0.0,Rural,0
55,LP002943,Male,No,,Graduate,No,2987,0.0,88.0,360.0,0.0,Semiurban,0
56,LP001005,Male,Yes,0,Graduate,Yes,3000,0.0,66.0,360.0,1.0,Urban,1
57,LP001749,Male,Yes,0,Graduate,No,7578,1010.0,175.0,,1.0,Semiurban,1
58,LP002776,Female,No,0,Graduate,No,5000,0.0,103.0,360.0,0.0,Semiurban,0
59,LP001585,,Yes,3+,Graduate,No,51763,0.0,700.0,300.0,1.0,Urban,1
60,LP002842,Male,Yes,1,Graduate,No,3417,1750.0,186.0,360.0,1.0,Urban,1
61,LP001630,Male,No,0,Not Graduate,No,2333,1451.0,102.0,480.0,0.0,Urban,0
62,LP001003,Male,Yes,1,Graduate,No,4583,1508.0,128.0,360.0,1.0,Rural,0
63,LP002435,Male,Yes,0,Graduate,,3539,1376.0,55.0,360.0,1.0,Rural,0
64,LP002050,Male,Yes,1,Graduate,Yes,10000,0.0,155.0,360.0,1.0,Rural,0
65,LP001888,Female,No,0,Graduate,No,3237,0.0,30.0,360.0,1.0,Urban,1
66,LP001953,Male,Yes,1,Graduate,No,6875,0.0,200.0,360.0,1.0,Semiurban,1
67,LP001255,Male,No,0,Graduate,No,3750,0.0,113.0,480.0,1.0,Urban,0
68,LP002487,Male,Yes,0,Graduate,No,3015,2188.0,153.0,360.0,1.0,Rural,1
69,LP002140,Male,No,0,Graduate,No,8750,4167.0,308.0,360.0,1.0,Rural,0
70,LP002190,Male,Yes,1,Graduate,No,6325,0.0,175.0,360.0,1.0,Semiurban,1
71,LP001535,Male,No,0,Graduate,No,3254,0.0,50.0,360.0,1.0,Urban,1
72,LP001322,Male,No,0,Graduate,No,4133,0.0,122.0,360.0,1.0,Semiurban,1
73,LP002755,Male,Yes,1,Not Graduate,No,2239,2524.0,128.0,360.0,1.0,Urban,1
75,LP001097,Male,No,1,Graduate,Yes,4692,0.0,106.0,360.0,1.0,Rural,0
76,LP001580,Male,Yes,2,Graduate,No,8000,0.0,200.0,360.0,1.0,Semiurban,1
77,LP002473,Male,Yes,0,Graduate,No,8334,0.0,160.0,360.0,1.0,Semiurban,0
78,LP001691,Male,Yes,2,Not Graduate,No,3917,0.0,124.0,360.0,1.0,Semiurban,1
80,LP001825,Male,Yes,0,Graduate,No,1809,1868.0,90.0,360.0,1.0,Urban,1
81,LP002626,Male,Yes,0,Graduate,Yes,2479,3013.0,188.0,360.0,1.0,Urban,1
82,LP001038,Male,Yes,0,Not Graduate,No,4887,0.0,133.0,360.0,1.0,Rural,0
83,LP002160,Male,Yes,3+,Graduate,No,5167,3167.0,200.0,360.0,1.0,Semiurban,1
84,LP001529,Male,Yes,0,Graduate,Yes,2577,3750.0,152.0,360.0,1.0,Rural,1
85,LP002142,Female,Yes,0,Graduate,Yes,5500,0.0,105.0,360.0,0.0,Rural,0
86,LP002418,Male,No,3+,Not Graduate,No,4707,1993.0,148.0,360.0,1.0,Semiurban,1
87,LP001241,Female,No,0,Graduate,No,4300,0.0,136.0,360.0,0.0,Semiurban,0
88,LP001482,Male,Yes,0,Graduate,Yes,3459,0.0,25.0,120.0,1.0,Semiurban,1
89,LP002740,Male,Yes,3+,Graduate,No,6417,0.0,157.0,180.0,1.0,Rural,1
90,LP002318,Female,No,1,Not Graduate,Yes,3867,0.0,62.0,360.0,1.0,Semiurban,0
91,LP001736,Male,Yes,0,Graduate,No,2221,0.0,60.0,360.0,0.0,Urban,0
92,LP001640,Male,Yes,0,Graduate,Yes,39147,4750.0,120.0,360.0,1.0,Semiurban,1
93,LP002541,Male,Yes,0,Graduate,No,10833,0.0,234.0,360.0,1.0,Semiurban,1
94,LP002931,Male,Yes,2,Graduate,Yes,6000,0.0,205.0,240.0,1.0,Semiurban,0
95,LP002446,Male,Yes,2,Not Graduate,No,2309,1255.0,125.0,360.0,0.0,Rural,0
96,LP001914,Male,Yes,0,Graduate,No,3927,800.0,112.0,360.0,1.0,Semiurban,1
97,LP001310,Male,Yes,0,Graduate,No,5695,4167.0,175.0,360.0,1.0,Semiurban,1
98,LP002519,Male,Yes,3+,Graduate,No,4691,0.0,100.0,360.0,1.0,Semiurban,1
99,LP002555,Male,Yes,2,Graduate,Yes,4583,2083.0,160.0,360.0,1.0,Semiurban,1
100,LP001743,Male,Yes,2,Graduate,No,4009,1717.0,116.0,360.0,1.0,Semiurban,1
101,LP002634,Female,No,1,Graduate,No,13262,0.0,40.0,360.0,1.0,Urban,1
102,LP002804,Female,Yes,0,Graduate,No,4180,2306.0,182.0,360.0,1.0,Semiurban,1
103,LP001225,Male,Yes,0,Graduate,No,5726,4595.0,258.0,360.0,1.0,Semiurban,0
105,LP002544,Male,Yes,1,Not Graduate,No,1958,2436.0,131.0,360.0,1.0,Rural,1
106,LP001543,Male,Yes,1,Graduate,No,9538,0.0,187.0,360.0,1.0,Urban,1
107,LP002768,Male,No,0,Not Graduate,No,3358,0.0,80.0,36.0,1.0,Semiurban,0
108,LP001875,Male,No,0,Graduate,No,4095,3447.0,151.0,360.0,1.0,Rural,1
109,LP001770,Male,No,0,Not Graduate,No,3189,2598.0,120.0,,1.0,Rural,1
110,LP002979,Male,Yes,3+,Graduate,No,4106,0.0,40.0,180.0,1.0,Rural,1
111,LP001606,Male,Yes,0,Graduate,No,3497,1964.0,116.0,360.0,1.0,Rural,1
112,LP001872,Male,No,0,Graduate,Yes,5166,0.0,128.0,360.0,1.0,Semiurban,1
113,LP001594,Male,Yes,0,Graduate,No,5708,5625.0,187.0,360.0,1.0,Semiurban,1
114,LP001144,Male,Yes,0,Graduate,No,5821,0.0,144.0,360.0,1.0,Urban,1
115,LP002600,Male,Yes,1,Graduate,Yes,2895,0.0,95.0,360.0,1.0,Semiurban,1
117,LP001572,Male,Yes,0,Graduate,No,9323,0.0,75.0,180.0,1.0,Urban,1
118,LP002795,Male,Yes,3+,Graduate,Yes,10139,0.0,260.0,360.0,1.0,Semiurban,1
120,LP002494,Male,No,0,Graduate,No,6000,0.0,140.0,360.0,1.0,Rural,1
121,LP002403,Male,No,0,Graduate,Yes,10416,0.0,187.0,360.0,0.0,Urban,0
122,LP002266,Male,Yes,2,Graduate,No,3100,1400.0,113.0,360.0,1.0,Urban,1
123,LP002459,Male,Yes,0,Graduate,No,4301,0.0,118.0,360.0,1.0,Urban,1
125,LP002625,,No,0,Graduate,No,3583,0.0,96.0,360.0,1.0,Urban,0
127,LP001426,Male,Yes,,Graduate,No,5667,2667.0,180.0,360.0,1.0,Rural,1
128,LP002648,Male,Yes,0,Graduate,No,2130,6666.0,70.0,180.0,1.0,Semiurban,0
129,LP001095,Male,No,0,Graduate,No,3167,0.0,74.0,360.0,1.0,Urban,0
130,LP001068,Male,Yes,0,Graduate,No,2799,2253.0,122.0,360.0,1.0,Semiurban,1
131,LP002534,Female,No,0,Not Graduate,No,4350,0.0,154.0,360.0,1.0,Rural,1
132,LP002732,Male,No,0,Not Graduate,,2550,2042.0,126.0,360.0,1.0,Rural,1
133,LP002872,,Yes,0,Graduate,No,3087,2210.0,136.0,360.0,0.0,Semiurban,0
134,LP001841,Male,No,0,Not Graduate,Yes,2583,2167.0,104.0,360.0,1.0,Rural,1
135,LP002255,Male,No,3+,Graduate,No,9167,0.0,185.0,360.0,1.0,Rural,1
136,LP002945,Male,Yes,0,Graduate,Yes,9963,0.0,180.0,360.0,1.0,Rural,1
137,LP001610,Male,Yes,3+,Graduate,No,5516,11300.0,495.0,360.0,0.0,Semiurban,0
138,LP001243,Male,Yes,0,Graduate,No,3208,3066.0,172.0,360.0,1.0,Urban,1
139,LP001947,Male,Yes,0,Graduate,No,2383,3334.0,172.0,360.0,1.0,Semiurban,1
141,LP002739,Male,Yes,0,Not Graduate,No,2917,536.0,66.0,360.0,1.0,Rural,0
142,LP001473,Male,No,0,Graduate,No,2014,1929.0,74.0,360.0,1.0,Urban,1
143,LP002841,Male,Yes,0,Graduate,No,3166,2064.0,104.0,360.0,0.0,Urban,0
144,LP002743,Female,No,0,Graduate,No,2138,0.0,99.0,360.0,0.0,Semiurban,0
145,LP001784,Male,Yes,1,Graduate,No,5500,1260.0,170.0,360.0,1.0,Rural,1
147,LP002225,Male,Yes,2,Graduate,No,5391,0.0,130.0,360.0,1.0,Urban,1
149,LP002894,Female,Yes,0,Graduate,No,3166,0.0,36.0,360.0,1.0,Semiurban,1
150,LP002536,Male,Yes,3+,Not Graduate,No,3095,0.0,113.0,360.0,1.0,Rural,1
151,LP001702,Male,No,0,Graduate,No,3418,0.0,127.0,360.0,1.0,Semiurban,0
152,LP002836,Male,No,0,Graduate,No,3333,0.0,70.0,360.0,1.0,Urban,1
153,LP002917,Female,No,0,Not Graduate,No,2165,0.0,70.0,360.0,1.0,Semiurban,1
154,LP002990,Female,No,0,Graduate,Yes,4583,0.0,133.0,360.0,0.0,Semiurban,0
155,LP001807,Male,Yes,2,Graduate,Yes,6250,1300.0,108.0,360.0,1.0,Rural,1
156,LP002738,Male,No,2,Graduate,No,3617,0.0,107.0,360.0,1.0,Semiurban,1
158,LP002813,Female,Yes,1,Graduate,Yes,19484,0.0,600.0,360.0,1.0,Semiurban,1
159,LP001138,Male,Yes,1,Graduate,No,5649,0.0,44.0,360.0,1.0,Urban,1
160,LP001367,Male,Yes,1,Graduate,No,3052,1030.0,100.0,360.0,1.0,Urban,1
161,LP002531,Male,Yes,1,Graduate,Yes,16667,2250.0,86.0,360.0,1.0,Semiurban,1
163,LP001263,Male,Yes,3+,Graduate,No,3167,4000.0,180.0,300.0,0.0,Semiurban,0
164,LP002209,Female,No,0,Graduate,,2764,1459.0,110.0,360.0,1.0,Urban,1
165,LP001319,Male,Yes,2,Not Graduate,No,3273,1820.0,81.0,360.0,1.0,Urban,1
167,LP002772,Male,No,0,Graduate,No,2526,1783.0,145.0,360.0,1.0,Rural,1
168,LP002366,Male,Yes,0,Graduate,No,2666,4300.0,121.0,360.0,1.0,Rural,1
169,LP001924,Male,No,0,Graduate,No,3158,3053.0,89.0,360.0,1.0,Rural,1
170,LP001100,Male,No,3+,Graduate,No,12500,3000.0,320.0,360.0,1.0,Rural,0
171,LP001884,Female,No,1,Graduate,No,2876,1560.0,90.0,360.0,1.0,Urban,1
172,LP002524,Male,No,2,Graduate,No,5532,4648.0,162.0,360.0,1.0,Rural,1
173,LP002229,Male,No,0,Graduate,No,5941,4232.0,296.0,360.0,1.0,Semiurban,1
174,LP002004,Male,No,0,Not Graduate,No,2927,2405.0,111.0,360.0,1.0,Semiurban,1
176,LP001778,Male,Yes,1,Graduate,No,3155,1779.0,140.0,360.0,1.0,Semiurban,1
177,LP001073,Male,Yes,2,Not Graduate,No,4226,1040.0,110.0,360.0,1.0,Urban,1
178,LP001907,Male,Yes,0,Graduate,No,14583,0.0,436.0,360.0,1.0,Semiurban,1
179,LP001716,Male,Yes,0,Graduate,No,3173,3021.0,137.0,360.0,1.0,Urban,1
180,LP002537,Male,Yes,0,Graduate,No,2083,3150.0,128.0,360.0,1.0,Semiurban,1
181,LP001430,Female,No,0,Graduate,No,4166,0.0,44.0,360.0,1.0,Semiurban,1
182,LP001013,Male,Yes,0,Not Graduate,No,2333,1516.0,95.0,360.0,1.0,Urban,1
183,LP001978,Male,No,0,Graduate,No,4000,2500.0,140.0,360.0,1.0,Rural,1
184,LP002429,Male,Yes,1,Graduate,Yes,3466,1210.0,130.0,360.0,1.0,Rural,1
185,LP002188,Male,No,0,Graduate,No,5124,0.0,124.0,,0.0,Rural,0
186,LP002006,Female,No,0,Graduate,No,2507,0.0,56.0,360.0,1.0,Rural,1
187,LP002983,Male,Yes,1,Graduate,No,8072,240.0,253.0,360.0,1.0,Urban,1
188,LP002586,Female,Yes,1,Graduate,No,3326,913.0,105.0,84.0,1.0,Semiurban,1
190,LP002659,Male,Yes,3+,Graduate,No,3466,3428.0,150.0,360.0,1.0,Rural,1
191,LP001883,Female,No,0,Graduate,,3418,0.0,135.0,360.0,1.0,Rural,0
192,LP001698,Male,No,0,Not Graduate,No,3975,2531.0,55.0,360.0,1.0,Rural,1
193,LP002855,Male,Yes,2,Graduate,No,16666,0.0,275.0,360.0,1.0,Urban,1
194,LP001996,Male,No,0,Graduate,No,20233,0.0,480.0,360.0,1.0,Rural,0
196,LP001404,Female,Yes,0,Graduate,No,3167,2283.0,154.0,360.0,1.0,Semiurban,1
197,LP001155,Female,Yes,0,Not Graduate,No,1928,1644.0,100.0,360.0,1.0,Semiurban,1
198,LP001493,Male,Yes,2,Not Graduate,No,4200,1430.0,129.0,360.0,1.0,Rural,0
199,LP002112,Male,Yes,2,Graduate,Yes,2500,4600.0,176.0,360.0,1.0,Rural,1
200,LP002489,Female,No,1,Not Graduate,,5191,0.0,132.0,360.0,1.0,Semiurban,1
201,LP002950,Male,Yes,0,Not Graduate,,2894,2792.0,155.0,360.0,1.0,Rural,1
202,LP001870,Female,No,1,Graduate,No,3481,0.0,155.0,36.0,1.0,Semiurban,0
203,LP002689,Male,Yes,2,Not Graduate,No,2192,1742.0,45.0,360.0,1.0,Semiurban,1
204,LP002082,Male,Yes,0,Graduate,Yes,5818,2160.0,184.0,360.0,1.0,Semiurban,1
205,LP001768,Male,Yes,0,Graduate,,3716,0.0,42.0,180.0,1.0,Rural,1
206,LP001222,Female,No,0,Graduate,No,4166,0.0,116.0,360.0,0.0,Semiurban,0
208,LP001761,Male,No,0,Graduate,Yes,6400,0.0,200.0,360.0,1.0,Rural,1
209,LP002181,Male,No,0,Not Graduate,No,6216,0.0,133.0,360.0,1.0,Rural,0
210,LP002409,Male,Yes,0,Graduate,No,7901,1833.0,180.0,360.0,1.0,Rural,1
211,LP002517,Male,Yes,1,Not Graduate,No,2653,1500.0,113.0,180.0,0.0,Rural,0
212,LP001024,Male,Yes,2,Graduate,No,3200,700.0,70.0,360.0,1.0,Urban,1
213,LP001120,Male,No,0,Graduate,No,1800,1213.0,47.0,360.0,1.0,Urban,1
214,LP001532,Male,Yes,2,Not Graduate,No,2281,0.0,113.0,360.0,1.0,Rural,0
215,LP001877,Male,Yes,2,Graduate,No,4708,1387.0,150.0,360.0,1.0,Semiurban,1
216,LP001693,Female,No,0,Graduate,No,3244,0.0,80.0,360.0,1.0,Urban,1
217,LP001882,Male,Yes,3+,Graduate,No,4333,1811.0,160.0,360.0,0.0,Urban,1
218,LP002684,Female,No,0,Not Graduate,No,3400,0.0,95.0,360.0,1.0,Rural,0
219,LP002139,Male,Yes,0,Graduate,No,9083,0.0,228.0,360.0,1.0,Semiurban,1
220,LP002367,Female,No,1,Not Graduate,No,4606,0.0,81.0,360.0,1.0,Rural,0
221,LP002606,Female,No,0,Graduate,No,3159,0.0,100.0,360.0,1.0,Semiurban,1
222,LP001489,Female,Yes,0,Graduate,No,4583,0.0,84.0,360.0,1.0,Rural,0
223,LP001256,Male,No,0,Graduate,No,3750,4750.0,176.0,360.0,1.0,Urban,0
224,LP001955,Female,No,0,Graduate,No,5000,2541.0,151.0,480.0,1.0,Rural,0
225,LP001066,Male,Yes,0,Graduate,Yes,9560,0.0,191.0,360.0,1.0,Semiurban,1
226,LP001398,Male,No,0,Graduate,,5050,0.0,118.0,360.0,1.0,Semiurban,1
227,LP001792,Male,Yes,1,Graduate,No,3315,0.0,96.0,360.0,1.0,Semiurban,1
228,LP002129,Male,Yes,0,Graduate,No,2499,2458.0,160.0,360.0,1.0,Semiurban,1
229,LP002753,Female,No,1,Graduate,,3652,0.0,95.0,360.0,1.0,Semiurban,1
230,LP001673,Male,No,0,Graduate,Yes,11000,0.0,83.0,360.0,1.0,Urban,0
231,LP001708,Female,No,0,Graduate,No,10000,0.0,214.0,360.0,1.0,Semiurban,0
232,LP002377,Female,No,1,Graduate,Yes,8624,0.0,150.0,360.0,1.0,Semiurban,1
233,LP002116,Female,No,0,Graduate,No,2378,0.0,46.0,360.0,1.0,Rural,0
234,LP002244,Male,Yes,0,Graduate,No,2333,2417.0,136.0,360.0,1.0,Urban,1
235,LP001157,Female,No,0,Graduate,No,3086,0.0,120.0,360.0,1.0,Semiurban,1
236,LP001279,Male,No,0,Graduate,No,2366,2531.0,136.0,360.0,1.0,Semiurban,1
238,LP001497,Male,Yes,2,Graduate,No,5042,2083.0,185.0,360.0,1.0,Rural,0
239,LP002792,Male,Yes,1,Graduate,No,5468,1032.0,26.0,360.0,1.0,Semiurban,1
240,LP002547,Male,Yes,1,Graduate,No,18333,0.0,500.0,360.0,1.0,Urban,0
241,LP001349,Male,No,0,Graduate,No,4843,3806.0,151.0,360.0,1.0,Semiurban,1
242,LP001896,Male,Yes,2,Graduate,No,3900,0.0,90.0,360.0,1.0,Semiurban,1
245,LP001577,Female,Yes,0,Graduate,No,4583,0.0,112.0,360.0,1.0,Rural,0
246,LP002693,Male,Yes,2,Graduate,Yes,7948,7166.0,480.0,360.0,1.0,Rural,1
247,LP001900,Male,Yes,1,Graduate,No,2750,1842.0,115.0,360.0,1.0,Semiurban,1
249,LP002300,Female,No,0,Not Graduate,No,1963,0.0,53.0,360.0,1.0,Semiurban,1
250,LP001688,Male,Yes,1,Not Graduate,No,3500,1083.0,135.0,360.0,1.0,Urban,1
252,LP001666,Male,No,0,Graduate,No,8333,3750.0,187.0,360.0,1.0,Rural,1
253,LP002928,Male,Yes,0,Graduate,No,3000,3416.0,56.0,180.0,1.0,Semiurban,1
256,LP001560,Male,Yes,0,Not Graduate,No,1863,1041.0,98.0,360.0,1.0,Semiurban,1
257,LP001387,Female,Yes,0,Graduate,,2929,2333.0,139.0,360.0,1.0,Semiurban,1
258,LP001086,Male,No,0,Not Graduate,No,1442,0.0,35.0,360.0,1.0,Urban,0
259,LP001014,Male,Yes,3+,Graduate,No,3036,2504.0,158.0,360.0,0.0,Semiurban,0
260,LP002332,Male,Yes,0,Not Graduate,No,2253,2033.0,110.0,360.0,1.0,Rural,1
262,LP002643,Male,Yes,2,Graduate,No,3283,2035.0,148.0,360.0,1.0,Urban,1
263,LP002453,Male,No,0,Graduate,Yes,7085,0.0,84.0,360.0,1.0,Semiurban,1
264,LP002615,Male,Yes,2,Graduate,No,4865,5624.0,208.0,360.0,1.0,Semiurban,1
265,LP001385,Male,No,0,Graduate,No,5316,0.0,136.0,360.0,1.0,Urban,1
266,LP001197,Male,Yes,0,Graduate,No,3366,2200.0,135.0,360.0,1.0,Rural,0
267,LP002231,Female,No,0,Graduate,No,6000,0.0,156.0,360.0,1.0,Urban,1
268,LP001657,Male,Yes,0,Not Graduate,No,6033,0.0,160.0,360.0,1.0,Urban,0
270,LP001041,Male,Yes,0,Graduate,,2600,3500.0,115.0,,1.0,Urban,1
271,LP001334,Male,Yes,0,Not Graduate,No,4188,0.0,115.0,180.0,1.0,Semiurban,1
272,LP002874,Male,No,0,Graduate,No,3229,2739.0,110.0,360.0,1.0,Urban,1
273,LP001726,Male,Yes,0,Graduate,No,3727,1775.0,131.0,360.0,1.0,Semiurban,1
274,LP002455,Male,Yes,2,Graduate,No,3859,0.0,96.0,360.0,1.0,Semiurban,1
275,LP002126,Male,Yes,3+,Not Graduate,No,3173,0.0,74.0,360.0,1.0,Semiurban,1
276,LP001179,Male,Yes,2,Graduate,No,4616,0.0,134.0,360.0,1.0,Urban,0
277,LP001253,Male,Yes,3+,Graduate,Yes,5266,1774.0,187.0,360.0,1.0,Semiurban,1
278,LP002936,Male,Yes,0,Graduate,No,3859,3300.0,142.0,180.0,1.0,Rural,1
279,LP002398,Male,No,0,Graduate,No,1926,1851.0,50.0,360.0,1.0,Semiurban,1
280,LP002345,Male,Yes,0,Graduate,No,1025,2773.0,112.0,360.0,1.0,Rural,1
281,LP002847,Male,Yes,,Graduate,No,5116,1451.0,165.0,360.0,0.0,Urban,0
282,LP001814,Male,Yes,2,Graduate,No,9703,0.0,112.0,360.0,1.0,Urban,1
283,LP001245,Male,Yes,2,Not Graduate,Yes,1875,1875.0,97.0,360.0,1.0,Semiurban,1
284,LP001289,Male,No,0,Graduate,No,8566,0.0,210.0,360.0,1.0,Urban,1
285,LP001732,Male,Yes,2,Graduate,,5000,0.0,72.0,360.0,0.0,Semiurban,0
286,LP002065,Male,Yes,3+,Graduate,No,15000,0.0,300.0,360.0,1.0,Rural,1
288,LP001325,Male,No,0,Not Graduate,No,3620,0.0,25.0,120.0,1.0,Semiurban,1
289,LP002315,Male,Yes,1,Graduate,No,8300,0.0,152.0,300.0,0.0,Semiurban,0
290,LP002067,Male,Yes,1,Graduate,Yes,8666,4983.0,376.0,360.0,0.0,Rural,0
291,LP002640,Male,Yes,1,Graduate,No,6065,2004.0,250.0,360.0,1.0,Semiurban,1
292,LP002692,Male,Yes,3+,Graduate,Yes,5677,1424.0,100.0,360.0,1.0,Rural,1
293,LP001478,Male,No,0,Graduate,No,2718,0.0,70.0,360.0,1.0,Semiurban,1
294,LP001936,Male,Yes,0,Graduate,No,3075,2416.0,139.0,360.0,1.0,Rural,1
295,LP001711,Male,Yes,3+,Graduate,No,3430,1250.0,128.0,360.0,0.0,Semiurban,0
296,LP001835,Male,Yes,0,Not Graduate,No,1668,3890.0,201.0,360.0,0.0,Semiurban,0
297,LP002277,Female,No,0,Graduate,No,3180,0.0,71.0,360.0,0.0,Urban,0
298,LP002443,Male,Yes,2,Graduate,No,3340,1710.0,150.0,360.0,0.0,Rural,0
299,LP001647,Male,Yes,0,Graduate,No,9328,0.0,188.0,180.0,1.0,Rural,1
300,LP002603,Female,No,0,Graduate,No,645,3683.0,113.0,480.0,1.0,Rural,1
301,LP001267,Female,Yes,2,Graduate,No,1378,1881.0,167.0,360.0,1.0,Urban,0
302,LP001892,Male,No,0,Graduate,No,2833,1857.0,126.0,360.0,1.0,Rural,1
303,LP002143,Female,Yes,0,Graduate,No,2423,505.0,130.0,360.0,1.0,Semiurban,1
304,LP001925,Female,No,0,Graduate,Yes,2600,1717.0,99.0,300.0,1.0,Semiurban,0
305,LP002863,Male,Yes,3+,Graduate,No,6406,0.0,150.0,360.0,1.0,Semiurban,0
306,LP002141,Male,Yes,3+,Graduate,No,2666,2083.0,95.0,360.0,1.0,Rural,1
308,LP002978,Female,No,0,Graduate,No,2900,0.0,71.0,360.0,1.0,Rural,1
309,LP002472,Male,No,2,Graduate,No,4354,0.0,136.0,360.0,1.0,Rural,1
310,LP002224,Male,No,0,Graduate,No,3069,0.0,71.0,480.0,1.0,Urban,0
311,LP001846,Female,No,3+,Graduate,No,3083,0.0,255.0,360.0,1.0,Rural,1
312,LP002484,Male,Yes,3+,Graduate,No,7740,0.0,128.0,180.0,1.0,Urban,1
313,LP002119,Male,Yes,1,Not Graduate,No,4554,1229.0,158.0,360.0,1.0,Urban,1
314,LP002197,Male,Yes,2,Graduate,No,5185,0.0,155.0,360.0,1.0,Semiurban,1
315,LP002720,Male,Yes,3+,Graduate,No,4281,0.0,100.0,360.0,1.0,Urban,1
316,LP001379,Male,Yes,2,Graduate,No,3800,3600.0,216.0,360.0,0.0,Urban,0
318,LP001333,Male,Yes,0,Graduate,No,1977,997.0,50.0,360.0,1.0,Semiurban,1
319,LP002434,Male,Yes,2,Not Graduate,No,4652,0.0,110.0,360.0,1.0,Rural,1
321,LP001579,Male,No,0,Graduate,No,2237,0.0,63.0,480.0,0.0,Semiurban,0
322,LP002288,Male,Yes,2,Not Graduate,No,2889,0.0,45.0,180.0,0.0,Urban,0
323,LP001131,Male,Yes,0,Graduate,No,3941,2336.0,134.0,360.0,1.0,Semiurban,1
324,LP002637,Male,No,0,Not Graduate,No,3598,1287.0,100.0,360.0,1.0,Rural,0
325,LP002911,Male,Yes,1,Graduate,No,2787,1917.0,146.0,360.0,0.0,Rural,0
326,LP001137,Female,No,0,Graduate,No,3410,0.0,88.0,,1.0,Urban,1
328,LP002035,Male,Yes,2,Graduate,No,3717,0.0,120.0,360.0,1.0,Semiurban,1
329,LP001498,Male,No,0,Graduate,No,5417,0.0,168.0,360.0,1.0,Urban,1
331,LP002110,Male,Yes,1,Graduate,,5250,688.0,160.0,360.0,1.0,Rural,1
332,LP002500,Male,Yes,3+,Not Graduate,No,2947,1664.0,70.0,180.0,0.0,Urban,0
334,LP001669,Female,No,0,Not Graduate,No,1907,2365.0,120.0,,1.0,Urban,1
335,LP002543,Male,Yes,2,Graduate,No,8333,0.0,246.0,360.0,1.0,Semiurban,1
336,LP001765,Male,Yes,1,Graduate,No,2491,2054.0,104.0,360.0,1.0,Semiurban,1
337,LP001806,Male,No,0,Graduate,No,2965,5701.0,155.0,60.0,1.0,Urban,1
339,LP001519,Female,No,0,Graduate,No,10000,1666.0,225.0,360.0,1.0,Rural,0
341,LP002448,Male,Yes,0,Graduate,No,3948,1733.0,149.0,360.0,0.0,Rural,0
343,LP002287,Female,No,0,Graduate,No,1500,1800.0,103.0,360.0,0.0,Semiurban,0
344,LP001431,Female,No,0,Graduate,No,2137,8980.0,137.0,360.0,0.0,Semiurban,1
345,LP002180,Male,No,0,Graduate,Yes,6822,0.0,141.0,360.0,1.0,Rural,1
346,LP001528,Male,No,0,Graduate,No,6277,0.0,118.0,360.0,0.0,Rural,0
348,LP001945,Female,No,,Graduate,No,5417,0.0,143.0,480.0,0.0,Urban,0
349,LP001036,Female,No,0,Graduate,No,3510,0.0,76.0,360.0,0.0,Urban,0
350,LP002964,Male,Yes,2,Not Graduate,No,3987,1411.0,157.0,360.0,1.0,Rural,1
351,LP001570,Male,Yes,2,Graduate,No,4167,1447.0,158.0,360.0,1.0,Rural,1
352,LP002369,Male,Yes,0,Graduate,No,2920,16.12000084,87.0,360.0,1.0,Rural,1
353,LP002341,Female,No,1,Graduate,No,2600,0.0,160.0,360.0,1.0,Urban,0
354,LP002767,Male,Yes,0,Graduate,No,2768,1950.0,155.0,360.0,1.0,Rural,1
355,LP001722,Male,Yes,0,Graduate,No,150,1800.0,135.0,360.0,1.0,Rural,0
356,LP002407,Female,Yes,0,Not Graduate,Yes,7142,0.0,138.0,360.0,1.0,Rural,1
357,LP002144,Female,No,,Graduate,No,3813,0.0,116.0,180.0,1.0,Urban,1
359,LP002820,Male,Yes,0,Graduate,No,5923,2054.0,211.0,360.0,1.0,Rural,1
360,LP001448,,Yes,3+,Graduate,No,23803,0.0,370.0,360.0,1.0,Rural,1
361,LP001692,Female,No,0,Not Graduate,No,4408,0.0,120.0,360.0,1.0,Semiurban,1
362,LP001046,Male,Yes,1,Graduate,No,5955,5625.0,315.0,360.0,1.0,Urban,1
363,LP002347,Male,Yes,0,Graduate,No,3246,1417.0,138.0,360.0,1.0,Semiurban,1
364,LP001586,Male,Yes,3+,Not Graduate,No,3522,0.0,81.0,180.0,1.0,Rural,0
366,LP002449,Male,Yes,0,Graduate,No,2483,2466.0,90.0,180.0,0.0,Rural,1
367,LP001520,Male,Yes,0,Graduate,No,4860,830.0,125.0,360.0,1.0,Semiurban,1
368,LP002098,Male,No,0,Graduate,No,2935,0.0,98.0,360.0,1.0,Semiurban,1
371,LP002716,Male,No,0,Not Graduate,No,6783,0.0,130.0,360.0,1.0,Semiurban,1
372,LP002281,Male,Yes,0,Graduate,No,3033,1459.0,95.0,360.0,1.0,Urban,1
373,LP001720,Male,Yes,3+,Not Graduate,No,3850,983.0,100.0,360.0,1.0,Semiurban,1
374,LP001514,Female,Yes,0,Graduate,No,2330,4486.0,100.0,360.0,1.0,Semiurban,1
375,LP002149,Male,Yes,2,Graduate,No,8333,3167.0,165.0,360.0,1.0,Rural,1
376,LP002101,Male,Yes,0,Graduate,,63337,0.0,490.0,180.0,1.0,Urban,1
377,LP001384,Male,Yes,3+,Not Graduate,No,2071,754.0,94.0,480.0,1.0,Semiurban,1
378,LP002265,Male,Yes,2,Not Graduate,No,1993,1625.0,113.0,180.0,1.0,Semiurban,1
379,LP002301,Female,No,0,Graduate,Yes,7441,0.0,194.0,360.0,1.0,Rural,0
381,LP002158,Male,Yes,0,Not Graduate,No,3000,1666.0,100.0,480.0,0.0,Urban,0
382,LP001439,Male,Yes,0,Not Graduate,No,4300,2014.0,194.0,360.0,1.0,Rural,1
383,LP002114,Female,No,0,Graduate,No,4160,0.0,71.0,360.0,1.0,Semiurban,1
384,LP001536,Male,Yes,3+,Graduate,No,39999,0.0,600.0,180.0,0.0,Semiurban,1
385,LP001345,Male,Yes,2,Not Graduate,No,4288,3263.0,133.0,180.0,1.0,Urban,1
386,LP002699,Male,Yes,2,Graduate,Yes,17500,0.0,400.0,360.0,1.0,Rural,1
387,LP001030,Male,Yes,2,Graduate,No,1299,1086.0,17.0,120.0,1.0,Urban,1
389,LP002892,Male,Yes,2,Graduate,No,6540,0.0,205.0,360.0,1.0,Semiurban,1
390,LP001259,Male,Yes,1,Graduate,Yes,1000,3022.0,110.0,360.0,1.0,Urban,0
391,LP002807,Male,Yes,2,Not Graduate,No,3675,242.0,108.0,360.0,1.0,Semiurban,1
392,LP002314,Female,No,0,Not Graduate,No,2213,0.0,66.0,360.0,1.0,Rural,1
393,LP002390,Male,No,0,Graduate,No,3750,0.0,100.0,360.0,1.0,Urban,1
394,LP002821,Male,No,0,Not Graduate,Yes,5800,0.0,132.0,360.0,1.0,Semiurban,1
395,LP001199,Male,Yes,2,Not Graduate,No,3357,2859.0,144.0,360.0,1.0,Urban,1
396,LP001114,Male,No,0,Graduate,No,4166,7210.0,184.0,360.0,1.0,Urban,1
397,LP002619,Male,Yes,0,Not Graduate,No,3814,1483.0,124.0,300.0,1.0,Semiurban,1
398,LP002690,Male,No,0,Graduate,No,2500,0.0,55.0,360.0,1.0,Semiurban,1
399,LP001674,Male,Yes,1,Not Graduate,No,2600,2500.0,90.0,360.0,1.0,Semiurban,1
400,LP001248,Male,No,0,Graduate,No,3500,0.0,81.0,300.0,1.0,Semiurban,1
401,LP002362,Male,Yes,1,Graduate,No,7250,1667.0,110.0,,0.0,Urban,0
403,LP002053,Male,Yes,3+,Graduate,No,4342,189.0,124.0,360.0,1.0,Semiurban,1
405,LP001552,Male,Yes,0,Graduate,No,4583,5625.0,255.0,360.0,1.0,Semiurban,1
406,LP001562,Male,Yes,0,Graduate,No,7933,0.0,275.0,360.0,1.0,Urban,0
407,LP002106,Male,Yes,,Graduate,Yes,5503,4490.0,70.0,,1.0,Semiurban,1
408,LP001915,Male,Yes,2,Graduate,No,2301,985.7999877999997,78.0,180.0,1.0,Urban,1
409,LP002175,Male,Yes,0,Graduate,No,4750,2333.0,130.0,360.0,1.0,Urban,1
410,LP002501,,Yes,0,Graduate,No,16692,0.0,110.0,360.0,1.0,Semiurban,1
411,LP001639,Female,Yes,0,Graduate,No,3625,0.0,108.0,360.0,1.0,Semiurban,1
414,LP001813,Male,No,0,Graduate,Yes,6050,4333.0,120.0,180.0,1.0,Urban,0
415,LP002348,Male,Yes,0,Graduate,No,5829,0.0,138.0,360.0,1.0,Rural,1
416,LP001974,Female,No,0,Graduate,No,5000,0.0,132.0,360.0,1.0,Rural,1
417,LP002205,Male,No,1,Graduate,No,3062,1987.0,111.0,180.0,0.0,Urban,0
418,LP002161,Female,No,1,Graduate,No,4723,0.0,81.0,360.0,1.0,Semiurban,0
419,LP001954,Female,Yes,1,Graduate,No,4666,0.0,135.0,360.0,1.0,Urban,1
420,LP002422,Male,No,1,Graduate,No,37719,0.0,152.0,360.0,1.0,Semiurban,1
421,LP002226,Male,Yes,0,Graduate,,3333,2500.0,128.0,360.0,1.0,Semiurban,1
423,LP001087,Female,No,2,Graduate,,3750,2083.0,120.0,360.0,1.0,Semiurban,1
424,LP002941,Male,Yes,2,Not Graduate,Yes,6383,1000.0,187.0,360.0,1.0,Rural,0
426,LP002938,Male,Yes,0,Graduate,Yes,16120,0.0,260.0,360.0,1.0,Urban,1
427,LP002785,Male,Yes,1,Graduate,No,3333,3250.0,158.0,360.0,1.0,Urban,1
428,LP001027,Male,Yes,2,Graduate,,2500,1840.0,109.0,360.0,1.0,Urban,1
429,LP001664,Male,No,0,Graduate,No,4191,0.0,120.0,360.0,1.0,Rural,1
430,LP002571,Male,No,0,Not Graduate,No,3691,0.0,110.0,360.0,1.0,Rural,1
431,LP002097,Male,No,1,Graduate,No,4384,1793.0,117.0,360.0,1.0,Urban,1
432,LP001581,Male,Yes,0,Not Graduate,,1820,1769.0,95.0,360.0,1.0,Rural,1
433,LP001949,Male,Yes,3+,Graduate,,4416,1250.0,110.0,360.0,1.0,Urban,1
434,LP002837,Male,Yes,3+,Graduate,No,3400,2500.0,123.0,360.0,0.0,Rural,0
436,LP001370,Male,No,0,Not Graduate,,7333,0.0,120.0,360.0,1.0,Rural,0
437,LP002237,Male,No,1,Graduate,,3667,0.0,113.0,180.0,1.0,Urban,1
438,LP002912,Male,Yes,1,Graduate,No,4283,3000.0,172.0,84.0,1.0,Rural,0
439,LP002798,Male,Yes,0,Graduate,No,3887,2669.0,162.0,360.0,1.0,Semiurban,1
440,LP002051,Male,Yes,0,Graduate,No,2400,2167.0,115.0,360.0,1.0,Semiurban,1
441,LP002131,Male,Yes,2,Not Graduate,No,3083,2168.0,126.0,360.0,1.0,Urban,1
442,LP001750,Male,Yes,0,Graduate,No,6250,0.0,128.0,360.0,1.0,Semiurban,1
444,LP002317,Male,Yes,3+,Graduate,No,81000,0.0,360.0,360.0,0.0,Rural,0
445,LP002068,Male,No,0,Graduate,No,4917,0.0,130.0,360.0,0.0,Rural,1
446,LP001006,Male,Yes,0,Not Graduate,No,2583,2358.0,120.0,360.0,1.0,Urban,1
447,LP002115,Male,Yes,3+,Not Graduate,No,2647,1587.0,173.0,360.0,1.0,Rural,0
448,LP001451,Male,Yes,1,Graduate,Yes,10513,3850.0,160.0,180.0,0.0,Urban,0
449,LP001282,Male,Yes,0,Graduate,No,2500,2118.0,104.0,360.0,1.0,Semiurban,1
450,LP001369,Male,Yes,2,Graduate,No,11417,1126.0,225.0,360.0,1.0,Urban,1
451,LP001811,Male,Yes,0,Not Graduate,No,3406,4417.0,123.0,360.0,1.0,Semiurban,1
452,LP002361,Male,Yes,0,Graduate,No,1820,1719.0,100.0,360.0,1.0,Urban,1
453,LP001972,Male,Yes,,Not Graduate,No,2875,1750.0,105.0,360.0,1.0,Semiurban,1
454,LP001032,Male,No,0,Graduate,No,4950,0.0,125.0,360.0,1.0,Urban,1
455,LP001507,Male,Yes,0,Graduate,No,2698,2034.0,122.0,360.0,1.0,Semiurban,1
456,LP002031,Male,Yes,1,Not Graduate,No,3399,1640.0,111.0,180.0,1.0,Urban,1
457,LP001658,Male,No,0,Graduate,No,3858,0.0,76.0,360.0,1.0,Semiurban,1
459,LP001491,Male,Yes,2,Graduate,Yes,3316,3500.0,88.0,360.0,1.0,Urban,1
460,LP001641,Male,Yes,1,Graduate,Yes,2178,0.0,66.0,300.0,0.0,Rural,0
462,LP001633,Male,Yes,1,Graduate,No,6400,7250.0,180.0,360.0,0.0,Urban,0
464,LP002335,Female,Yes,0,Not Graduate,No,2149,3237.0,178.0,360.0,0.0,Semiurban,0
465,LP001644,,Yes,0,Graduate,Yes,674,5296.0,168.0,360.0,1.0,Rural,1
466,LP002974,Male,Yes,0,Graduate,No,3232,1950.0,108.0,360.0,1.0,Rural,1
467,LP001565,Male,Yes,1,Graduate,No,3089,1280.0,121.0,360.0,0.0,Semiurban,0
468,LP002234,Male,No,0,Graduate,Yes,7167,0.0,128.0,360.0,1.0,Urban,1
469,LP001546,Male,No,0,Graduate,,2980,2083.0,120.0,360.0,1.0,Rural,1
470,LP002530,,Yes,2,Graduate,No,2873,1872.0,132.0,360.0,0.0,Semiurban,0
471,LP002556,Male,No,0,Graduate,No,2435,0.0,75.0,360.0,1.0,Urban,0
472,LP001516,Female,Yes,2,Graduate,No,14866,0.0,70.0,360.0,1.0,Urban,1
473,LP002888,Male,No,0,Graduate,,3182,2917.0,161.0,360.0,1.0,Urban,1
474,LP001487,Male,No,0,Graduate,No,4895,0.0,102.0,360.0,1.0,Semiurban,1
475,LP002925,,No,0,Graduate,No,4750,0.0,94.0,360.0,1.0,Semiurban,1
476,LP001963,Male,Yes,1,Graduate,No,2014,2925.0,113.0,360.0,1.0,Urban,0
477,LP001904,Male,Yes,0,Graduate,No,3103,1300.0,80.0,360.0,1.0,Urban,1
478,LP002916,Male,Yes,0,Graduate,No,2297,1522.0,104.0,360.0,1.0,Urban,1
479,LP002670,Female,Yes,2,Graduate,No,2031,1632.0,113.0,480.0,1.0,Semiurban,1
480,LP001151,Female,No,0,Graduate,No,4000,2275.0,144.0,360.0,1.0,Semiurban,1
482,LP001926,Male,Yes,0,Graduate,No,3704,2000.0,120.0,360.0,1.0,Rural,1
483,LP001018,Male,Yes,2,Graduate,No,4006,1526.0,168.0,360.0,1.0,Urban,1
484,LP001518,Male,Yes,1,Graduate,No,1538,1425.0,30.0,360.0,1.0,Urban,1
485,LP002408,Male,No,0,Graduate,No,3660,5064.0,187.0,360.0,1.0,Semiurban,1
486,LP002103,,Yes,1,Graduate,Yes,9833,1833.0,182.0,180.0,1.0,Urban,1
487,LP001790,Female,No,1,Graduate,No,3812,0.0,112.0,360.0,1.0,Rural,1
488,LP001401,Male,Yes,1,Graduate,No,14583,0.0,185.0,180.0,1.0,Rural,1
489,LP002893,Male,No,0,Graduate,No,1836,33837.0,90.0,360.0,1.0,Urban,0
490,LP002777,Male,Yes,0,Graduate,No,2785,2016.0,110.0,360.0,1.0,Rural,1
