MyUnknownColumn,Loan_ID,Gender,Married,Dependents,Education,Self_Employed,ApplicantIncome,CoapplicantIncome,LoanAmount,Loan_Amount_Term,Credit_History,Property_Area,Loan_Status
483,LP001018,Male,Yes,2,Graduate,No,4006,1526.0,168.0,360.0,1.0,Urban,1
80,LP001825,Male,Yes,0,Graduate,No,1809,1868.0,90.0,360.0,1.0,Urban,1
200,LP002489,Female,No,1,Not Graduate,,5191,0.0,132.0,360.0,1.0,Semiurban,1
32,LP001824,Male,Yes,1,Graduate,No,2882,1843.0,123.0,480.0,1.0,Semiurban,1
414,LP001813,Male,No,0,Graduate,Yes,6050,4333.0,120.0,180.0,1.0,Urban,0
465,LP001644,,Yes,0,Graduate,Yes,674,5296.0,168.0,360.0,1.0,Rural,1
282,LP001814,Male,Yes,2,Graduate,No,9703,0.0,112.0,360.0,1.0,Urban,1
171,LP001884,Female,No,1,Graduate,No,2876,1560.0,90.0,360.0,1.0,Urban,1
185,LP002188,Male,No,0,Graduate,No,5124,0.0,124.0,,0.0,Rural,0
472,LP001516,Female,Yes,2,Graduate,No,14866,0.0,70.0,360.0,1.0,Urban,1
168,LP002366,Male,Yes,0,Graduate,No,2666,4300.0,121.0,360.0,1.0,Rural,1
73,LP002755,Male,Yes,1,Not Graduate,No,2239,2524.0,128.0,360.0,1.0,Urban,1
223,LP001256,Male,No,0,Graduate,No,3750,4750.0,176.0,360.0,1.0,Urban,0
379,LP002301,Female,No,0,Graduate,Yes,7441,0.0,194.0,360.0,1.0,Rural,0
42,LP001931,Female,No,0,Graduate,No,4124,0.0,115.0,360.0,1.0,Semiurban,1
449,LP001282,Male,Yes,0,Graduate,No,2500,2118.0,104.0,360.0,1.0,Semiurban,1
304,LP001925,Female,No,0,Graduate,Yes,2600,1717.0,99.0,300.0,1.0,Semiurban,0
76,LP001580,Male,Yes,2,Graduate,No,8000,0.0,200.0,360.0,1.0,Semiurban,1
10,LP001608,Male,Yes,2,Graduate,No,2045,1619.0,101.0,360.0,1.0,Rural,1
312,LP002484,Male,Yes,3+,Graduate,No,7740,0.0,128.0,180.0,1.0,Urban,1
319,LP002434,Male,Yes,2,Not Graduate,No,4652,0.0,110.0,360.0,1.0,Rural,1
410,LP002501,,Yes,0,Graduate,No,16692,0.0,110.0,360.0,1.0,Semiurban,1
399,LP001674,Male,Yes,1,Not Graduate,No,2600,2500.0,90.0,360.0,1.0,Semiurban,1
58,LP002776,Female,No,0,Graduate,No,5000,0.0,103.0,360.0,0.0,Semiurban,0
322,LP002288,Male,Yes,2,Not Graduate,No,2889,0.0,45.0,180.0,0.0,Urban,0
218,LP002684,Female,No,0,Not Graduate,No,3400,0.0,95.0,360.0,1.0,Rural,0
163,LP001263,Male,Yes,3+,Graduate,No,3167,4000.0,180.0,300.0,0.0,Semiurban,0
446,LP001006,Male,Yes,0,Not Graduate,No,2583,2358.0,120.0,360.0,1.0,Urban,1
386,LP002699,Male,Yes,2,Graduate,Yes,17500,0.0,400.0,360.0,1.0,Rural,1
298,LP002443,Male,Yes,2,Graduate,No,3340,1710.0,150.0,360.0,0.0,Rural,0
136,LP002945,Male,Yes,0,Graduate,Yes,9963,0.0,180.0,360.0,1.0,Rural,1
454,LP001032,Male,No,0,Graduate,No,4950,0.0,125.0,360.0,1.0,Urban,1
344,LP001431,Female,No,0,Graduate,No,2137,8980.0,137.0,360.0,0.0,Semiurban,1
98,LP002519,Male,Yes,3+,Graduate,No,4691,0.0,100.0,360.0,1.0,Semiurban,1
486,LP002103,,Yes,1,Graduate,Yes,9833,1833.0,182.0,180.0,1.0,Urban,1
82,LP001038,Male,Yes,0,Not Graduate,No,4887,0.0,133.0,360.0,1.0,Rural,0
334,LP001669,Female,No,0,Not Graduate,No,1907,2365.0,120.0,,1.0,Urban,1
153,LP002917,Female,No,0,Not Graduate,No,2165,0.0,70.0,360.0,1.0,Semiurban,1
364,LP001586,Male,Yes,3+,Not Graduate,No,3522,0.0,81.0,180.0,1.0,Rural,0
487,LP001790,Female,No,1,Graduate,No,3812,0.0,112.0,360.0,1.0,Rural,1
249,LP002300,Female,No,0,Not Graduate,No,1963,0.0,53.0,360.0,1.0,Semiurban,1
170,LP001100,Male,No,3+,Graduate,No,12500,3000.0,320.0,360.0,1.0,Rural,0
83,LP002160,Male,Yes,3+,Graduate,No,5167,3167.0,200.0,360.0,1.0,Semiurban,1
77,LP002473,Male,Yes,0,Graduate,No,8334,0.0,160.0,360.0,1.0,Semiurban,0
35,LP002877,Male,Yes,1,Graduate,No,1782,2232.0,107.0,360.0,1.0,Rural,1
125,LP002625,,No,0,Graduate,No,3583,0.0,96.0,360.0,1.0,Urban,0
381,LP002158,Male,Yes,0,Not Graduate,No,3000,1666.0,100.0,480.0,0.0,Urban,0
81,LP002626,Male,Yes,0,Graduate,Yes,2479,3013.0,188.0,360.0,1.0,Urban,1
276,LP001179,Male,Yes,2,Graduate,No,4616,0.0,134.0,360.0,1.0,Urban,0
432,LP001581,Male,Yes,0,Not Graduate,,1820,1769.0,95.0,360.0,1.0,Rural,1
16,LP002868,Male,Yes,2,Graduate,No,3159,461.0,108.0,84.0,1.0,Urban,1
267,LP002231,Female,No,0,Graduate,No,6000,0.0,156.0,360.0,1.0,Urban,1
387,LP001030,Male,Yes,2,Graduate,No,1299,1086.0,17.0,120.0,1.0,Urban,1
0,LP002305,Female,No,0,Graduate,No,4547,0.0,115.0,360.0,1.0,Semiurban,1
20,LP002387,Male,Yes,0,Graduate,No,2425,2340.0,143.0,360.0,1.0,Semiurban,1
309,LP002472,Male,No,2,Graduate,No,4354,0.0,136.0,360.0,1.0,Rural,1
318,LP001333,Male,Yes,0,Graduate,No,1977,997.0,50.0,360.0,1.0,Semiurban,1
59,LP001585,,Yes,3+,Graduate,No,51763,0.0,700.0,300.0,1.0,Urban,1
193,LP002855,Male,Yes,2,Graduate,No,16666,0.0,275.0,360.0,1.0,Urban,1
87,LP001241,Female,No,0,Graduate,No,4300,0.0,136.0,360.0,0.0,Semiurban,0
409,LP002175,Male,Yes,0,Graduate,No,4750,2333.0,130.0,360.0,1.0,Urban,1
316,LP001379,Male,Yes,2,Graduate,No,3800,3600.0,216.0,360.0,0.0,Urban,0
84,LP001529,Male,Yes,0,Graduate,Yes,2577,3750.0,152.0,360.0,1.0,Rural,1
95,LP002446,Male,Yes,2,Not Graduate,No,2309,1255.0,125.0,360.0,0.0,Rural,0
418,LP002161,Female,No,1,Graduate,No,4723,0.0,81.0,360.0,1.0,Semiurban,0
26,LP001250,Male,Yes,3+,Not Graduate,No,4755,0.0,95.0,,0.0,Semiurban,0
199,LP002112,Male,Yes,2,Graduate,Yes,2500,4600.0,176.0,360.0,1.0,Rural,1
278,LP002936,Male,Yes,0,Graduate,No,3859,3300.0,142.0,180.0,1.0,Rural,1
169,LP001924,Male,No,0,Graduate,No,3158,3053.0,89.0,360.0,1.0,Rural,1
45,LP002953,Male,Yes,3+,Graduate,No,5703,0.0,128.0,360.0,1.0,Urban,1
215,LP001877,Male,Yes,2,Graduate,No,4708,1387.0,150.0,360.0,1.0,Semiurban,1
478,LP002916,Male,Yes,0,Graduate,No,2297,1522.0,104.0,360.0,1.0,Urban,1
110,LP002979,Male,Yes,3+,Graduate,No,4106,0.0,40.0,180.0,1.0,Rural,1
469,LP001546,Male,No,0,Graduate,,2980,2083.0,120.0,360.0,1.0,Rural,1
482,LP001926,Male,Yes,0,Graduate,No,3704,2000.0,120.0,360.0,1.0,Rural,1
311,LP001846,Female,No,3+,Graduate,No,3083,0.0,255.0,360.0,1.0,Rural,1
23,LP001849,Male,No,0,Not Graduate,No,6045,0.0,115.0,360.0,0.0,Rural,0
49,LP001758,Male,Yes,2,Graduate,No,6250,1695.0,210.0,360.0,1.0,Semiurban,1
191,LP001883,Female,No,0,Graduate,,3418,0.0,135.0,360.0,1.0,Rural,0
121,LP002403,Male,No,0,Graduate,Yes,10416,0.0,187.0,360.0,0.0,Urban,0
99,LP002555,Male,Yes,2,Graduate,Yes,4583,2083.0,160.0,360.0,1.0,Semiurban,1
434,LP002837,Male,Yes,3+,Graduate,No,3400,2500.0,123.0,360.0,0.0,Rural,0
60,LP002842,Male,Yes,1,Graduate,No,3417,1750.0,186.0,360.0,1.0,Urban,1
134,LP001841,Male,No,0,Not Graduate,Yes,2583,2167.0,104.0,360.0,1.0,Rural,1
25,LP001776,Female,No,0,Graduate,No,8333,0.0,280.0,360.0,1.0,Semiurban,1
18,LP001020,Male,Yes,1,Graduate,No,12841,10968.0,349.0,360.0,1.0,Semiurban,0
69,LP002140,Male,No,0,Graduate,No,8750,4167.0,308.0,360.0,1.0,Rural,0
